source,label,frame,length
2D,17点モデル(拡張前),1,123.52646627507539
2D,17点モデル(拡張前),2,123.52646627507539
2D,17点モデル(拡張前),3,123.52646627507539
2D,17点モデル(拡張前),4,123.52646627507539
2D,17点モデル(拡張前),5,123.52646627507539
2D,17点モデル(拡張前),6,123.52646627507539
2D,17点モデル(拡張前),7,123.52646627507539
2D,17点モデル(拡張前),8,123.52646627507539
2D,17点モデル(拡張前),9,125.73702701501131
2D,17点モデル(拡張前),10,131.82589143380596
2D,17点モデル(拡張前),11,131.82589143380596
2D,17点モデル(拡張前),12,131.82589143380596
2D,17点モデル(拡張前),13,131.82589143380596
2D,17点モデル(拡張前),14,123.52646627507539
2D,17点モデル(拡張前),15,115.36487094220456
2D,17点モデル(拡張前),16,102.93872430852196
2D,17点モデル(拡張前),17,115.36487094220456
2D,17点モデル(拡張前),18,123.52647110032731
2D,17点モデル(拡張前),19,115.36487094220456
2D,17点モデル(拡張前),20,127.90939623107172
2D,17点モデル(拡張前),21,115.36487094220456
2D,17点モデル(拡張前),22,118.8039556698871
2D,17点モデル(拡張前),23,126.40943205980024
2D,17点モデル(拡張前),24,124.38134029762512
2D,17点モデル(拡張前),25,111.44037696251672
2D,17点モデル(拡張前),26,125.23037000886173
2D,17点モデル(拡張前),27,113.6995352540874
2D,17点モデル(拡張前),28,107.37253369859363
2D,17点モデル(拡張前),29,121.6246231149935
2D,17点モデル(拡張前),30,120.04615289103327
2D,17点モデル(拡張前),31,111.25003924232247
2D,17点モデル(拡張前),32,115.36487094220456
2D,17点モデル(拡張前),33,121.62461903107194
2D,17点モデル(拡張前),34,125.73702701501131
2D,17点モデル(拡張前),35,131.82589143380596
2D,17点モデル(拡張前),36,137.95326210301644
2D,17点モデル(拡張前),37,135.94148612968306
2D,17点モデル(拡張前),38,144.11421789213287
2D,17点モデル(拡張前),39,148.46034671682614
2D,17点モデル(拡張前),40,154.75083263058875
2D,17点モデル(拡張前),41,159.60482542267758
2D,17点モデル(拡張前),42,158.4052750626927
2D,17点モデル(拡張前),43,156.7915956556336
2D,17点モデル(拡張前),44,149.88104244704036
2D,17点モデル(拡張前),45,156.38557507456056
2D,17点モデル(拡張前),46,151.0079852730301
2D,17点モデル(拡張前),47,170.3939188812248
2D,17点モデル(拡張前),48,157.46597353907663
2D,17点モデル(拡張前),49,156.38557507456056
2D,17点モデル(拡張前),50,169.77090689157907
2D,17点モデル(拡張前),51,170.3939188812248
2D,17点モデル(拡張前),52,156.79159692280732
2D,17点モデル(拡張前),53,170.3939206302491
2D,17点モデル(拡張前),54,164.83059047664327
2D,17点モデル(拡張前),55,164.83059047664327
2D,17点モデル(拡張前),56,171.2623342386541
2D,17点モデル(拡張前),57,157.46597353907663
2D,17点モデル(拡張前),58,170.3939206302491
2D,17点モデル(拡張前),59,170.3939206302491
2D,17点モデル(拡張前),60,183.33500460383183
2D,17点モデル(拡張前),61,191.58774112300674
2D,17点モデル(拡張前),62,189.80962850451513
2D,17点モデル(拡張前),63,182.7560953647835
2D,17点モデル(拡張前),64,195.42097698980788
2D,17点モデル(拡張前),65,195.42097698980788
2D,17点モデル(拡張前),66,188.91429364083038
2D,17点モデル(拡張前),67,182.40787707437084
2D,17点モデル(拡張前),68,188.8020782470703
2D,17点モデル(拡張前),69,182.40787707437084
2D,17点モデル(拡張前),70,188.91429364083038
2D,17点モデル(拡張前),71,195.3125
2D,17点モデル(拡張前),72,182.29165649414062
2D,17点モデル(拡張前),73,188.91429364083038
2D,17点モデル(拡張前),74,188.91429364083038
2D,17点モデル(拡張前),75,182.40787707437084
2D,17点モデル(拡張前),76,182.29165649414062
2D,17点モデル(拡張前),77,175.78123474121094
2D,17点モデル(拡張前),78,169.2708282470703
2D,17点モデル(拡張前),79,170.39390372300724
2D,17点モデル(拡張前),80,176.2628266482201
2D,17点モデル(拡張前),81,175.901756329673
2D,17点モデル(拡張前),82,171.26231683709057
2D,17点モデル(拡張前),83,177.69977591461256
2D,17点モデル(拡張前),84,177.69977591461256
2D,17点モデル(拡張前),85,177.69977591461256
2D,17点モデル(拡張前),86,177.69977591461256
2D,17点モデル(拡張前),87,177.69977591461256
2D,17点モデル(拡張前),88,171.26231683709057
2D,17点モデル(拡張前),89,171.26231683709057
2D,17点モデル(拡張前),90,171.26231683709057
2D,17点モデル(拡張前),91,171.26231683709057
2D,17点モデル(拡張前),92,171.26231683709057
2D,17点モデル(拡張前),93,171.26231683709057
2D,17点モデル(拡張前),94,171.26231683709057
2D,17点モデル(拡張前),95,171.26231683709057
2D,17点モデル(拡張前),96,170.39390547203172
2D,17点モデル(拡張前),97,170.39390547203172
2D,17点モデル(拡張前),98,170.39390547203172
2D,17点モデル(拡張前),99,170.39390547203172
2D,17点モデル(拡張前),100,170.39390547203172
2D,17点モデル(拡張前),101,170.39390547203172
2D,19点モデル(拡張後),1,155.11011259443546
2D,19点モデル(拡張後),2,155.28120270325368
2D,19点モデル(拡張後),3,154.1863698383033
2D,19点モデル(拡張後),4,154.58921136515409
2D,19点モデル(拡張後),5,155.4238523025466
2D,19点モデル(拡張後),6,156.07617359620485
2D,19点モデル(拡張後),7,159.25752977036547
2D,19点モデル(拡張後),8,156.69899301703506
2D,19点モデル(拡張後),9,153.71394878966154
2D,19点モデル(拡張後),10,150.7444207516463
2D,19点モデル(拡張後),11,153.18725583858065
2D,19点モデル(拡張後),12,153.6577249323448
2D,19点モデル(拡張後),13,153.5643624277023
2D,19点モデル(拡張後),14,150.79479619014433
2D,19点モデル(拡張後),15,150.44687019981237
2D,19点モデル(拡張後),16,149.22482107341594
2D,19点モデル(拡張後),17,147.9890158935725
2D,19点モデル(拡張後),18,147.85247907972575
2D,19点モデル(拡張後),19,145.7986203459457
2D,19点モデル(拡張後),20,154.2546073099192
2D,19点モデル(拡張後),21,143.62124853520137
2D,19点モデル(拡張後),22,142.9458997693514
2D,19点モデル(拡張後),23,146.08255738107889
2D,19点モデル(拡張後),24,152.62257471675582
2D,19点モデル(拡張後),25,165.70235565374148
2D,19点モデル(拡張後),26,144.54241637194306
2D,19点モデル(拡張後),27,99.79947324102451
2D,19点モデル(拡張後),28,81.47623359488617
2D,19点モデル(拡張後),29,88.91660704786659
2D,19点モデル(拡張後),30,115.01334438833166
2D,19点モデル(拡張後),31,116.02550555693102
2D,19点モデル(拡張後),32,104.56784068804777
2D,19点モデル(拡張後),33,117.31319384830798
2D,19点モデル(拡張後),34,135.30556425386084
2D,19点モデル(拡張後),35,142.36822081082576
2D,19点モデル(拡張後),36,144.46197630256523
2D,19点モデル(拡張後),37,146.78462714788463
2D,19点モデル(拡張後),38,141.69738662120102
2D,19点モデル(拡張後),39,146.55590308836156
2D,19点モデル(拡張後),40,147.72683454468435
2D,19点モデル(拡張後),41,152.40851864147314
2D,19点モデル(拡張後),42,156.29313697551962
2D,19点モデル(拡張後),43,167.3850525465493
2D,19点モデル(拡張後),44,172.71207913973547
2D,19点モデル(拡張後),45,181.03549161120498
2D,19点モデル(拡張後),46,194.8801298437355
2D,19点モデル(拡張後),47,197.84143904068813
2D,19点モデル(拡張後),48,200.28158389304642
2D,19点モデル(拡張後),49,200.21266772031848
2D,19点モデル(拡張後),50,198.70116687445764
2D,19点モデル(拡張後),51,198.4508807537762
2D,19点モデル(拡張後),52,200.2080201880963
2D,19点モデル(拡張後),53,203.14701668618136
2D,19点モデル(拡張後),54,201.1255863235683
2D,19点モデル(拡張後),55,197.61868516634019
2D,19点モデル(拡張後),56,198.9269323844494
2D,19点モデル(拡張後),57,203.03452202948745
2D,19点モデル(拡張後),58,209.13776800561982
2D,19点モデル(拡張後),59,212.09204881644814
2D,19点モデル(拡張後),60,206.28191834657517
2D,19点モデル(拡張後),61,201.8430724396454
2D,19点モデル(拡張後),62,197.9373445219421
2D,19点モデル(拡張後),63,204.78548234523194
2D,19点モデル(拡張後),64,207.45372275198596
2D,19点モデル(拡張後),65,205.91818269225047
2D,19点モデル(拡張後),66,204.9866816676931
2D,19点モデル(拡張後),67,202.200441985487
2D,19点モデル(拡張後),68,196.57650922883718
2D,19点モデル(拡張後),69,191.52794014273223
2D,19点モデル(拡張後),70,188.73304171777627
2D,19点モデル(拡張後),71,189.23440608380838
2D,19点モデル(拡張後),72,190.65584981126764
2D,19点モデル(拡張後),73,187.99861557003877
2D,19点モデル(拡張後),74,185.79584618871155
2D,19点モデル(拡張後),75,179.69171922766623
2D,19点モデル(拡張後),76,182.10746968833678
2D,19点モデル(拡張後),77,182.0842779980677
2D,19点モデル(拡張後),78,181.25392620080595
2D,19点モデル(拡張後),79,181.5900899094985
2D,19点モデル(拡張後),80,176.77192239040866
2D,19点モデル(拡張後),81,173.61033389351974
2D,19点モデル(拡張後),82,174.66450223926194
2D,19点モデル(拡張後),83,178.34332690255866
2D,19点モデル(拡張後),84,179.6333710012012
2D,19点モデル(拡張後),85,178.23116643949885
2D,19点モデル(拡張後),86,177.28601290064108
2D,19点モデル(拡張後),87,174.74517391116177
2D,19点モデル(拡張後),88,175.36790440107086
2D,19点モデル(拡張後),89,173.71781370737182
2D,19点モデル(拡張後),90,173.6045012765544
2D,19点モデル(拡張後),91,175.2420826578991
2D,19点モデル(拡張後),92,175.42825114588348
2D,19点モデル(拡張後),93,175.86917764763328
2D,19点モデル(拡張後),94,175.11130285052903
2D,19点モデル(拡張後),95,174.69282574271972
2D,19点モデル(拡張後),96,175.7268593702195
2D,19点モデル(拡張後),97,176.4609591482227
2D,19点モデル(拡張後),98,176.91885583663313
2D,19点モデル(拡張後),99,176.53527912583857
2D,19点モデル(拡張後),100,175.04538297649478
2D,19点モデル(拡張後),101,176.28549604666642
2D,正解データ,1,140.8402135718298
2D,正解データ,2,140.92523239860273
2D,正解データ,3,141.01292853688852
2D,正解データ,4,141.10258657346918
2D,正解データ,5,141.19255545277645
2D,正解データ,6,141.27983878246366
2D,正解データ,7,141.36438028926668
2D,正解データ,8,141.44599449545026
2D,正解データ,9,141.52563519004468
2D,正解データ,10,141.60803375177633
2D,正解データ,11,141.69962438258577
2D,正解データ,12,141.80450464392996
2D,正解データ,13,141.9229103462621
2D,正解データ,14,142.05221498526996
2D,正解データ,15,142.19336287716533
2D,正解データ,16,142.35708221111003
2D,正解データ,17,142.56728051276832
2D,正解データ,18,142.86002059921915
2D,正解データ,19,143.2731709350728
2D,正解データ,20,143.82852382541364
2D,正解データ,21,144.52795759798744
2D,正解データ,22,145.35059623513092
2D,正解データ,23,146.25155418453218
2D,正解データ,24,147.17489151816176
2D,正解データ,25,148.06354270160588
2D,正解データ,26,148.87389157247233
2D,正解データ,27,149.58723425176572
2D,正解データ,28,150.21111873398604
2D,正解データ,29,150.76916040012952
2D,正解データ,30,151.29227258100127
2D,正解データ,31,151.81556472451592
2D,正解データ,32,152.3385240294858
2D,正解データ,33,152.8482780698273
2D,正解データ,34,153.33302115391683
2D,正解データ,35,153.7862912992249
2D,正解データ,36,154.21237124168852
2D,正解データ,37,154.62868920336157
2D,正解データ,38,155.06213786783286
2D,正解データ,39,155.54556346612412
2D,正解データ,40,156.08050805596443
2D,正解データ,41,156.6705425281692
2D,正解データ,42,157.309982135217
2D,正解データ,43,157.96345668341417
2D,正解データ,44,158.62839325666073
2D,正解データ,45,159.30403520224655
2D,正解データ,46,159.98297539381164
2D,正解データ,47,160.64753891299443
2D,正解データ,48,161.2705065146084
2D,正解データ,49,161.83445659031332
2D,正解データ,50,162.32476133782953
2D,正解データ,51,162.73668366978166
2D,正解データ,52,163.07299895094445
2D,正解データ,53,163.3362026946533
2D,正解データ,54,163.53107667126076
2D,正解データ,55,163.66540903063506
2D,正解データ,56,163.75217519181714
2D,正解データ,57,163.8096900566381
2D,正解データ,58,163.8549833785702
2D,正解データ,59,163.89805147632393
2D,正解データ,60,163.9410711128785
2D,正解データ,61,163.9796264910047
2D,正解データ,62,164.0056699357138
2D,正解データ,63,164.0137519255705
2D,正解データ,64,163.98855438145065
2D,正解データ,65,163.91661522679118
2D,正解データ,66,163.79577991357638
2D,正解データ,67,163.63014647678537
2D,正解データ,68,163.41886740455777
2D,正解データ,69,163.15913317507972
2D,正解データ,70,162.85775737552012
2D,正解データ,71,162.5242894493347
2D,正解データ,72,162.16549754034386
2D,正解データ,73,161.79112092019798
2D,正解データ,74,161.40904176701184
2D,正解データ,75,161.02603962596208
2D,正解データ,76,160.65440041907493
2D,正解データ,77,160.3023866521681
2D,正解データ,78,159.9743688572577
2D,正解データ,79,159.67642699893514
2D,正解データ,80,159.41009509319485
2D,正解データ,81,159.17552219760975
2D,正解データ,82,158.97592777824195
2D,正解データ,83,158.8096376203988
2D,正解データ,84,158.67192044976133
2D,正解データ,85,158.56222166108498
2D,正解データ,86,158.4762569267606
2D,正解データ,87,158.40773743189195
2D,正解データ,88,158.35581655946717
2D,正解データ,89,158.31709177241314
2D,正解データ,90,158.28657980858472
2D,正解データ,91,158.2664487277533
2D,正解データ,92,158.25563685698432
2D,正解データ,93,158.25148518919045
2D,正解データ,94,158.25569847607417
2D,正解データ,95,158.26724477372662
2D,正解データ,96,158.28243209318356
2D,正解データ,97,158.3032943585398
2D,正解データ,98,158.32716871318314
2D,正解データ,99,158.34980168211843
2D,正解データ,100,158.37438216902822
2D,正解データ,101,158.40019336596475
3D,17点モデル(拡張前),1,0.2943103559003054
3D,17点モデル(拡張前),2,0.2751995616422209
3D,17点モデル(拡張前),3,0.2751995616422209
3D,17点モデル(拡張前),4,0.2751995616422209
3D,17点モデル(拡張前),5,0.2951140099189961
3D,17点モデル(拡張前),6,0.2949288908651944
3D,17点モデル(拡張前),7,0.2950079502126323
3D,17点モデル(拡張前),8,0.2715831795689629
3D,17点モデル(拡張前),9,0.2762229939145577
3D,17点モデル(拡張前),10,0.28800041736118615
3D,17点モデル(拡張前),11,0.2871472919869558
3D,17点モデル(拡張前),12,0.28837067468887234
3D,17点モデル(拡張前),13,0.2897882830840553
3D,17点モデル(拡張前),14,0.2729103163525307
3D,17点モデル(拡張前),15,0.2804772162692371
3D,17点モデル(拡張前),16,0.2721782226189082
3D,17点モデル(拡張前),17,0.2804445967068894
3D,17点モデル(拡張前),18,0.27500610951757837
3D,17点モデル(拡張前),19,0.2905450961301759
3D,17点モデル(拡張前),20,0.27299603055864025
3D,17点モデル(拡張前),21,0.3046122250306744
3D,17点モデル(拡張前),22,0.2822401170815572
3D,17点モデル(拡張前),23,0.29497318147306495
3D,17点モデル(拡張前),24,0.2942713548444782
3D,17点モデル(拡張前),25,0.2891666882693625
3D,17点モデル(拡張前),26,0.3145163209945603
3D,17点モデル(拡張前),27,0.29075312129458747
3D,17点モデル(拡張前),28,0.27061934504154317
3D,17点モデル(拡張前),29,0.28549351110141297
3D,17点モデル(拡張前),30,0.2889723983530157
3D,17点モデル(拡張前),31,0.28350042381394325
3D,17点モデル(拡張前),32,0.2826972882992661
3D,17点モデル(拡張前),33,0.27857059202506873
3D,17点モデル(拡張前),34,0.3083353736506546
3D,17点モデル(拡張前),35,0.3127214414525766
3D,17点モデル(拡張前),36,0.32685992805835073
3D,17点モデル(拡張前),37,0.3350585253828848
3D,17点モデル(拡張前),38,0.30061775625740744
3D,17点モデル(拡張前),39,0.31221424856084495
3D,17点モデル(拡張前),40,0.3115210628764515
3D,17点モデル(拡張前),41,0.3223587157238948
3D,17点モデル(拡張前),42,0.3235730235652512
3D,17点モデル(拡張前),43,0.3097034176877097
3D,17点モデル(拡張前),44,0.2947529557904657
3D,17点モデル(拡張前),45,0.2971620321137194
3D,17点モデル(拡張前),46,0.3321278675745219
3D,17点モデル(拡張前),47,0.3443883278951094
3D,17点モデル(拡張前),48,0.32737559317602655
3D,17点モデル(拡張前),49,0.3441493406762285
3D,17点モデル(拡張前),50,0.363299087703567
3D,17点モデル(拡張前),51,0.36472094103631886
3D,17点モデル(拡張前),52,0.3387285635288859
3D,17点モデル(拡張前),53,0.3579277543340572
3D,17点モデル(拡張前),54,0.3428098171493436
3D,17点モデル(拡張前),55,0.33796439714827675
3D,17点モデル(拡張前),56,0.34816587954618006
3D,17点モデル(拡張前),57,0.33580663967038804
3D,17点モデル(拡張前),58,0.3596286733769584
3D,17点モデル(拡張前),59,0.3632480954255369
3D,17点モデル(拡張前),60,0.36582865871053244
3D,17点モデル(拡張前),61,0.3765521126738384
3D,17点モデル(拡張前),62,0.3755148927119076
3D,17点モデル(拡張前),63,0.3943948468348805
3D,17点モデル(拡張前),64,0.41126348844578703
3D,17点モデル(拡張前),65,0.40889574445012783
3D,17点モデル(拡張前),66,0.4013441831521325
3D,17点モデル(拡張前),67,0.37400501397020086
3D,17点モデル(拡張前),68,0.38201005812657585
3D,17点モデル(拡張前),69,0.41020444927784117
3D,17点モデル(拡張前),70,0.4101972482442088
3D,17点モデル(拡張前),71,0.4116397856581985
3D,17点モデル(拡張前),72,0.3949938235142842
3D,17点モデル(拡張前),73,0.4112869954572177
3D,17点モデル(拡張前),74,0.4110956111489259
3D,17点モデル(拡張前),75,0.40283109931264033
3D,17点モデル(拡張前),76,0.4017759961762002
3D,17点モデル(拡張前),77,0.37527503442590426
3D,17点モデル(拡張前),78,0.3661839085524758
3D,17点モデル(拡張前),79,0.3646732279292996
3D,17点モデル(拡張前),80,0.37380891211067324
3D,17点モデル(拡張前),81,0.3751509822041746
3D,17点モデル(拡張前),82,0.3642718653240967
3D,17点モデル(拡張前),83,0.37473135466808266
3D,17点モデル(拡張前),84,0.3747396896698201
3D,17点モデル(拡張前),85,0.3741722244029205
3D,17点モデル(拡張前),86,0.3735235772446028
3D,17点モデル(拡張前),87,0.3740082329619293
3D,17点モデル(拡張前),88,0.36436871224118916
3D,17点モデル(拡張前),89,0.36453620788631275
3D,17点モデル(拡張前),90,0.36436871224118916
3D,17点モデル(拡張前),91,0.36436871224118916
3D,17点モデル(拡張前),92,0.36436871224118916
3D,17点モデル(拡張前),93,0.36436871224118916
3D,17点モデル(拡張前),94,0.36436871224118916
3D,17点モデル(拡張前),95,0.36436871224118916
3D,17点モデル(拡張前),96,0.36444078242326183
3D,17点モデル(拡張前),97,0.36444078242326183
3D,17点モデル(拡張前),98,0.36459433543032743
3D,17点モデル(拡張前),99,0.36459423756501835
3D,17点モデル(拡張前),100,0.3638808093749396
3D,17点モデル(拡張前),101,0.3635441061395276
3D,19点モデル(拡張後),1,1.7042792853026814
3D,19点モデル(拡張後),2,1.791134490152137
3D,19点モデル(拡張後),3,1.7940681612773939
3D,19点モデル(拡張後),4,1.79094934105076
3D,19点モデル(拡張後),5,1.79899187617615
3D,19点モデル(拡張後),6,1.8164125707680254
3D,19点モデル(拡張後),7,1.8313503201152408
3D,19点モデル(拡張後),8,1.842849247620841
3D,19点モデル(拡張後),9,1.84991441420822
3D,19点モデル(拡張後),10,1.8489403301010339
3D,19点モデル(拡張後),11,1.842114104386826
3D,19点モデル(拡張後),12,1.8019106201558244
3D,19点モデル(拡張後),13,1.758658057597321
3D,19点モデル(拡張後),14,1.7600189164997462
3D,19点モデル(拡張後),15,1.7388762775240185
3D,19点モデル(拡張後),16,1.7449205695167431
3D,19点モデル(拡張後),17,1.7388913402866226
3D,19点モデル(拡張後),18,1.7120239322720534
3D,19点モデル(拡張後),19,1.7252032751363002
3D,19点モデル(拡張後),20,1.8287205863413847
3D,19点モデル(拡張後),21,1.7805318694774783
3D,19点モデル(拡張後),22,1.8432884234047773
3D,19点モデル(拡張後),23,1.7059021836658468
3D,19点モデル(拡張後),24,1.753468346465094
3D,19点モデル(拡張後),25,1.884542489381815
3D,19点モデル(拡張後),26,1.7289488118509024
3D,19点モデル(拡張後),27,1.3915065841352803
3D,19点モデル(拡張後),28,1.3277666509933488
3D,19点モデル(拡張後),29,1.3536792989725488
3D,19点モデル(拡張後),30,1.5808296722797937
3D,19点モデル(拡張後),31,1.52908242366959
3D,19点モデル(拡張後),32,1.4785540428511632
3D,19点モデル(拡張後),33,1.5444348847690184
3D,19点モデル(拡張後),34,1.613654723211747
3D,19点モデル(拡張後),35,1.6625220519936015
3D,19点モデル(拡張後),36,1.7309647381982995
3D,19点モデル(拡張後),37,1.7072503246979656
3D,19点モデル(拡張後),38,1.6670932138385348
3D,19点モデル(拡張後),39,1.68118081561282
3D,19点モデル(拡張後),40,1.7190628215200747
3D,19点モデル(拡張後),41,1.7227211892061087
3D,19点モデル(拡張後),42,1.730092213996584
3D,19点モデル(拡張後),43,1.8898586505800494
3D,19点モデル(拡張後),44,2.1098040505763094
3D,19点モデル(拡張後),45,2.36998126982096
3D,19点モデル(拡張後),46,2.404425804322049
3D,19点モデル(拡張後),47,2.3794189284998826
3D,19点モデル(拡張後),48,2.326151120708552
3D,19点モデル(拡張後),49,2.4684956538454004
3D,19点モデル(拡張後),50,2.420905536828586
3D,19点モデル(拡張後),51,2.2668094952166453
3D,19点モデル(拡張後),52,2.3891192280592257
3D,19点モデル(拡張後),53,2.4060558792777815
3D,19点モデル(拡張後),54,2.3112031496194625
3D,19点モデル(拡張後),55,2.348172828291277
3D,19点モデル(拡張後),56,2.522575401037813
3D,19点モデル(拡張後),57,2.547008369541189
3D,19点モデル(拡張後),58,2.624693137633132
3D,19点モデル(拡張後),59,2.4168621775693087
3D,19点モデル(拡張後),60,2.344578381228433
3D,19点モデル(拡張後),61,2.3226383010599134
3D,19点モデル(拡張後),62,2.182373451058612
3D,19点モデル(拡張後),63,2.2877986732230715
3D,19点モデル(拡張後),64,2.3199553908055788
3D,19点モデル(拡張後),65,2.236018462290503
3D,19点モデル(拡張後),66,2.2048098595586847
3D,19点モデル(拡張後),67,2.204570401204744
3D,19点モデル(拡張後),68,2.0524099425636835
3D,19点モデル(拡張後),69,2.072062030067394
3D,19点モデル(拡張後),70,2.10341252940245
3D,19点モデル(拡張後),71,2.0239004943845824
3D,19点モデル(拡張後),72,2.1280390970752827
3D,19点モデル(拡張後),73,1.9508352217172928
3D,19点モデル(拡張後),74,1.9625656400662073
3D,19点モデル(拡張後),75,1.9179631401715522
3D,19点モデル(拡張後),76,2.0020083720811575
3D,19点モデル(拡張後),77,1.9667588020217905
3D,19点モデル(拡張後),78,1.9486081552436363
3D,19点モデル(拡張後),79,2.041964234357111
3D,19点モデル(拡張後),80,2.034362543741979
3D,19点モデル(拡張後),81,1.9684340362422104
3D,19点モデル(拡張後),82,2.0286790845279588
3D,19点モデル(拡張後),83,2.072826597128517
3D,19点モデル(拡張後),84,2.142111173175938
3D,19点モデル(拡張後),85,2.0847637402261867
3D,19点モデル(拡張後),86,2.1176387355347703
3D,19点モデル(拡張後),87,2.14489454695285
3D,19点モデル(拡張後),88,2.1597525782547584
3D,19点モデル(拡張後),89,2.151850462858568
3D,19点モデル(拡張後),90,2.201540604252275
3D,19点モデル(拡張後),91,2.2338850546704063
3D,19点モデル(拡張後),92,2.2657971766336185
3D,19点モデル(拡張後),93,2.2500659733395194
3D,19点モデル(拡張後),94,2.2174839065292073
3D,19点モデル(拡張後),95,2.2195594772628238
3D,19点モデル(拡張後),96,2.215460268038582
3D,19点モデル(拡張後),97,2.120701332123469
3D,19点モデル(拡張後),98,2.1143905925544235
3D,19点モデル(拡張後),99,2.1337955043312613
3D,19点モデル(拡張後),100,2.1703925202542345
3D,19点モデル(拡張後),101,2.1147445265134004
3D,正解データ,1,0.40895183151970116
3D,正解データ,2,0.40894469276596107
3D,正解データ,3,0.40893320210323114
3D,正解データ,4,0.40892945595062175
3D,正解データ,5,0.4089367714741514
3D,正解データ,6,0.40895173260611517
3D,正解データ,7,0.4089774713936215
3D,正解データ,8,0.40901927969263496
3D,正解データ,9,0.40908327987332904
3D,正解データ,10,0.4091774343397955
3D,正解データ,11,0.40929707303295515
3D,正解データ,12,0.40942159413670426
3D,正解データ,13,0.409523202767854
3D,正解データ,14,0.4095717133934488
3D,正解データ,15,0.40955151227866027
3D,正解データ,16,0.409478949820919
3D,正解データ,17,0.40940788477620527
3D,正解データ,18,0.4094147814591641
3D,正解データ,19,0.40957669605303454
3D,正解データ,20,0.4099335650739044
3D,正解データ,21,0.4104784411926925
3D,正解データ,22,0.4111453802484477
3D,正解データ,23,0.41184248853824523
3D,正解データ,24,0.4124893906096467
3D,正解データ,25,0.4130379139286067
3D,正解データ,26,0.4134897235896307
3D,正解データ,27,0.41388602075330594
3D,正解データ,28,0.41427362384903005
3D,正解データ,29,0.41469189844895815
3D,正解データ,30,0.41516850104358893
3D,正解データ,31,0.4157108616135865
3D,正解データ,32,0.41633674334072934
3D,正解データ,33,0.4170388154118388
3D,正解データ,34,0.41777578626102435
3D,正解データ,35,0.41852051374345467
3D,正解データ,36,0.41926195986200354
3D,正解データ,37,0.4199974514826238
3D,正解データ,38,0.4207324529502604
3D,正解データ,39,0.42146700824187705
3D,正解データ,40,0.42218968924086514
3D,正解データ,41,0.4228858007796187
3D,正解データ,42,0.42353465602542006
3D,正解データ,43,0.4241280305108367
3D,正解データ,44,0.4246666372555107
3D,正解データ,45,0.4251543822162789
3D,正解データ,46,0.4255912640622431
3D,正解データ,47,0.4259737152030076
3D,正解データ,48,0.4262961774917725
3D,正解データ,49,0.42654555520832327
3D,正解データ,50,0.42672340861734676
3D,正解データ,51,0.4268413689011631
3D,正解データ,52,0.4269169854738341
3D,正解データ,53,0.4269667305391799
3D,正解データ,54,0.4269922821916259
3D,正解データ,55,0.4269957360231102
3D,正解データ,56,0.42698390931964775
3D,正解データ,57,0.42696727381558514
3D,正解データ,58,0.4269572846329612
3D,正解データ,59,0.4269621056721505
3D,正解データ,60,0.4269826350362361
3D,正解データ,61,0.42701585840143924
3D,正解データ,62,0.4270553175325122
3D,正解データ,63,0.42709838254630933
3D,正解データ,64,0.4271425407553843
3D,正解データ,65,0.4271852656739015
3D,正解データ,66,0.4272275304794184
3D,正解データ,67,0.42727137512957564
3D,正解データ,68,0.4273152832371946
3D,正解データ,69,0.42735540453369725
3D,正解データ,70,0.4273870834342354
3D,正解データ,71,0.42740755636831435
3D,正解データ,72,0.4274130202788256
3D,正解データ,73,0.4274005109186972
3D,正解データ,74,0.42736854711669126
3D,正解データ,75,0.4273152779052128
3D,正解データ,76,0.4272416418867942
3D,正解データ,77,0.4271499864318074
3D,正解データ,78,0.4270445424473363
3D,正解データ,79,0.42693286940610875
3D,正解データ,80,0.4268249867319212
3D,正解データ,81,0.42673107999243853
3D,正解データ,82,0.42665853645492574
3D,正解データ,83,0.4266070426732306
3D,正解データ,84,0.4265704746330412
3D,正解データ,85,0.4265424265407229
3D,正解データ,86,0.42651700986551455
3D,正解データ,87,0.4264915505125214
3D,正解データ,88,0.4264659440102905
3D,正解データ,89,0.4264391148848596
3D,正解データ,90,0.426411423833206
3D,正解データ,91,0.42638455870674374
3D,正解データ,92,0.42636029334187747
3D,正解データ,93,0.4263386672937864
3D,正解データ,94,0.4263212242885719
3D,正解データ,95,0.4263079275060297
3D,正解データ,96,0.42629647127417836
3D,正解データ,97,0.4262859178087555
3D,正解データ,98,0.4262748122078613
3D,正解データ,99,0.4262601904094348
3D,正解データ,100,0.4262419952466722
3D,正解データ,101,0.42622266425531563
